{
  "simple": {
    "total_time": {
      "min": 6.907336473464966,
      "max": 34.018839836120605,
      "avg": 14.379363679885865
    },
    "spark_time": {
      "min": 0.022540807723999023,
      "max": 0.8636438846588135,
      "avg": 0.1356183981895447
    },
    "translation_time": {
      "min": 6.827558994293213,
      "max": 33.46729302406311,
      "avg": 14.24374528169632
    }
  },
  "moderate": {
    "total_time": {
      "min": 8.516208171844482,
      "max": 35.125874280929565,
      "avg": 15.029154522418976
    },
    "spark_time": {
      "min": 0.031070709228515625,
      "max": 0.6964306831359863,
      "avg": 0.13639073371887206
    },
    "translation_time": {
      "min": 8.401848316192627,
      "max": 35.07849669456482,
      "avg": 14.892763788700103
    }
  },
  "challenging": {
    "total_time": {
      "min": 5.118881702423096,
      "max": 49.846699476242065,
      "avg": 17.00873067855835
    },
    "spark_time": {
      "min": 0.015178203582763672,
      "max": 1.138801097869873,
      "avg": 0.151270854473114
    },
    "translation_time": {
      "min": 5.02640962600708,
      "max": 49.40325093269348,
      "avg": 16.857459824085236
    }
  }
}